query,label
/profile?user=demo&lang=en,0
/api/v3/products/5638/reviews,0
/shop/cart?item=802&qty=2,0
/api/v1/users/4569/status,0
/shop/cart?item=193&qty=1,0
/api/v2/users/5883/status,0
/api/v3/products/5369/reviews,0
/api/v3/users/2891/status,0
/api/v2/users/7877/status,0
/api/v1/users/4280/status,0
/node/214/edit,0
/shop/cart?item=213&qty=1,0
/articles/2024-review?date=2020-03-30&lang=es,0
/docs/education/vv1/terms.docx,0
/articles/2024-review?date=2021-01-11&lang=en,0
/articles/free-tools?date=2021-03-07&lang=de,0
/articles/top-10-smartphones?date=2025-05-26&lang=id,0
/api/v2/users/4346/status,0
/api/v1/products/3501/reviews,0
/api/v2/products/9815/reviews,0
/wp-admin/post.php?post=2487&action=edit,0
/api/v2/users/9590/status,0
/api/v2/products/8360/reviews,0
/node/15/edit,0
/articles/2024-review?date=2021-01-31&lang=id,0
/api/v2/users/7131/status,0
/articles/2024-review?date=2023-03-12&lang=es,0
/api/v3/users/5653/status,0
/api/v3/users/1980/status,0
/node/255/edit,0
/wp-admin/post.php?post=3307&action=edit,0
/articles/2024-review?date=2024-03-12&lang=id,0
/wp-admin/post.php?post=3947&action=edit,0
/api/v1/products/8646/reviews,0
/user/222/settings,0
/shop/cart?item=737&qty=1,0
/api/v1/products/1361/reviews,0
/node/796/edit,0
/articles/best-recipes?date=2020-02-14&lang=es,0
/articles/free-tools?date=2022-03-21&lang=es,0
/articles/top-10-smartphones?date=2024-07-01&lang=de,0
/user/805/settings,0
/shop/cart?item=534&qty=5,0
/wp-admin/post.php?post=2472&action=edit,0
/api/v1/products/5437/reviews,0
/articles/guide-installation?date=2022-07-05&lang=en,0
/shop/cart?item=383&qty=2,0
/articles/top-10-smartphones?date=2020-04-03&lang=en,0
/api/v1/products/5306/reviews,0
/api/v3/users/5687/status,0
/catalog/neo-77275/neo-rheumacyl-nyeri-otot-dan-sendi,0
/wiki/de:Otto_I._%28Pfalz-Mosbach%29,0
/flight/route/jakarta-reykjavik/,0
/catalog/coolpad-57848/coolpad-note-5,0
/charutoys/etalase/ikan,0
/wiki/Anno_Domini,0
/mitra-tekno,0
/islami/read/6046212/5-inspirasi-desain-rumah-islami-minimalis-mezzanine-khas-eropa-terasa-luas-walau-pekarangan-sempit,0
/hobbyqorner/gundam-marker-fine-tip-black,0
/blushingbunny,0
/wiki/doughnut%20sitting,0
/catalog/sharp-69672/sharp-ah-a5sdl,0
/flight/route/perth-sydney/,0
/kompleklodi,0
/find/sepatu-futsal-puma-gavetto-sala,0
/wiki/Cooper%27s_Hill_Cheese-Rolling_and_Wake,0
/catalog/daikin-69977/daikin-skyair-fvq71cveb4,0
/wiki/broadened,0
/destinstyle,0
/wiki/de:Odo_von_Bayeux,0
/wiki/3PBS,0
/mithashop/baby-scots-embroidery-medium-bag/review,0
/wiki/cs:Lupa,0
/find/sepatu-futsal-ortuseight-catalyst-ortrange,0
/catalog/limoxin-71881/limoxin-drops,0
/anugerahwatch/button-cell-battery-sr626sw-baterai-kancing/review,0
/wiki/Bishop_of_Bangor,0
/blog/contoh-surat-izin-tidak-masuk-kerja-krj/,0
/wiki/Carian_(script),0
/find/gigabyte-radeon-rx-560-2gb-ddr5-gaming-oc,0
/wiki/Etta_Moten_Barnett,0
/hotel/indonesia/city/surabaya/bintang-5/,0
/ciptatrading/amano-staff-time-card-rack-for-50-names,0
/flight/route/ternate-batam/,0
/wiki/Czechoslovakia,0
/wiki/Dost_Mohammad_Khan,0
/find/bb-cream-etude-house,0
/8iosshop,0
/wiki/F%C3%A2nt%C3%A2na_Alb%C4%83_massacre,0
/find/backdrop-bunga,0
/wiki/City_of_Kew,0
/wiki/Caloundra,0
"/wiki/de:Ranulph_le_Meschin,_3._Earl_of_Chester",0
/wiki/de:Johann_Ernst_II._%28Sachsen-Weimar%29,0
/catalog/safi-79425/safi-acne-expert-acne-treatment-gel,0
/events/detail/taman-legenda-keong-emas,0
/flight/route/padang-ternate/,0
/p/buku/pendidikan/buku-sma-kelas-3,0
/wiki/Battle_of_the_Transdanubian_Hills,0
/wiki/Cadence_Design_Systems,0
